user_question,language
cotton full process,en
cotton,en
nel paththi sollu,th
Nel full process sollu,th
Nel full process sollu,th
“Nel full process sollu,th
Nel full process sollu,th
nel paththi sollu,th
Nel sagubadi vithai therivu mudhal saemippu varai romba virivaga sollu,th
Nel full process sollu,th
Nel full process sollu,th
Nel full process sollu,th
Nel nadavu murai romba virivaga sollu,th
Nel full process sollu,th
நெல் சாகுபடி எப்படி?,ta
ஸ்மார்ட் விவசாயத்தில் எந்த சென்சார்கள் பயன்படுத்தப்படுகின்றன?,ta
summer season,en
